-- phpMyAdmin SQL Dump
-- version 4.8.5
-- https://www.phpmyadmin.net/
--
-- Hôte : 127.0.0.1
-- Généré le :  mar. 30 avr. 2019 à 11:48
-- Version du serveur :  10.1.38-MariaDB
-- Version de PHP :  7.3.3

SET SQL_MODE = "NO_AUTO_VALUE_ON_ZERO";
SET AUTOCOMMIT = 0;
START TRANSACTION;
SET time_zone = "+00:00";


/*!40101 SET @OLD_CHARACTER_SET_CLIENT=@@CHARACTER_SET_CLIENT */;
/*!40101 SET @OLD_CHARACTER_SET_RESULTS=@@CHARACTER_SET_RESULTS */;
/*!40101 SET @OLD_COLLATION_CONNECTION=@@COLLATION_CONNECTION */;
/*!40101 SET NAMES utf8mb4 */;

--
-- Base de données :  `asso_sportive`
--

-- --------------------------------------------------------

--
-- Structure de la table `adherent`
--

CREATE TABLE `adherent` (
  `ida` int(11) NOT NULL,
  `nom` varchar(20) DEFAULT NULL,
  `prenom` varchar(20) DEFAULT NULL,
  `dateNaissance` date DEFAULT NULL,
  `sexe` char(1) DEFAULT NULL,
  `idadr` int(11) NOT NULL,
  `dateCertif` date DEFAULT NULL,
  `club` varchar(50) DEFAULT NULL
) ENGINE=InnoDB DEFAULT CHARSET=latin1;

--
-- Déchargement des données de la table `adherent`
--

INSERT INTO `adherent` (`ida`, `nom`, `prenom`, `dateNaissance`, `sexe`, `idadr`, `dateCertif`, `club`) VALUES
(2016001, 'Dupont', 'Alice', '0000-00-00', 'F', 1, '0000-00-00', 'ClubLyon'),
(2016002, 'Dupout', 'Bernard', '0000-00-00', 'H', 2, '0000-00-00', 'ClubLyon'),
(2016003, 'Durand', 'Olivier', '0000-00-00', 'H', 3, '0000-00-00', 'ClubParis'),
(2016004, 'Drand', 'Mat', '0000-00-00', 'H', 4, '0000-00-00', 'ClubParis'),
(2016005, 'Durad', 'Louis', '0000-00-00', 'H', 5, '0000-00-00', 'ClubParis'),
(2016006, 'Drad', 'Louise', '0000-00-00', 'F', 6, '0000-00-00', 'ClubParis'),
(2016007, 'Rasde', 'nico', '0000-00-00', 'H', 7, '0000-00-00', 'ClubParis'),
(2016008, 'Polain', 'Chris', '0000-00-00', 'H', 8, '0000-00-00', 'ClubParis'),
(2017001, 'Paso', 'Bruno', '0000-00-00', 'H', 9, '0000-00-00', 'ClubParis'),
(2017002, 'Paso', 'Celine', '0000-00-00', 'F', 10, '0000-00-00', 'ClubLyon'),
(2017003, 'Durand', 'Celine', '0000-00-00', 'F', 11, '0000-00-00', 'ClubParis'),
(2017004, 'Tuile', 'Mathilde', '0000-00-00', 'F', 12, '0000-00-00', 'ClubParis'),
(2017005, 'Roli', 'Lou', '0000-00-00', 'F', 13, '0000-00-00', 'ClubParis'),
(2017006, 'Roula', 'Celine', '0000-00-00', 'F', 14, '0000-00-00', 'ClubParis'),
(2018001, 'Laple', 'Marie', '0000-00-00', 'F', 15, '0000-00-00', 'ClubLyon'),
(2018002, 'Laplo', 'Bernard', '0000-00-00', 'H', 16, '0000-00-00', 'ClubLyon'),
(2018003, 'Oplia', 'Blandine', '0000-00-00', 'F', 17, '0000-00-00', 'ClubLyon'),
(2018004, 'Horil', 'Manu', '0000-00-00', 'H', 18, '0000-00-00', 'ClubLyon'),
(2018005, 'Plios', 'Caroline', '0000-00-00', 'F', 19, '0000-00-00', 'ClubLyon'),
(2019001, 'Guth', 'Romaric', '0000-00-00', 'H', 1, NULL, NULL);

-- --------------------------------------------------------

--
-- Structure de la table `adresse`
--

CREATE TABLE `adresse` (
  `idadr` int(11) NOT NULL,
  `rue` varchar(50) DEFAULT NULL,
  `codePost` int(11) DEFAULT NULL,
  `ville` varchar(20) DEFAULT NULL
) ENGINE=InnoDB DEFAULT CHARSET=latin1;

--
-- Déchargement des données de la table `adresse`
--

INSERT INTO `adresse` (`idadr`, `rue`, `codePost`, `ville`) VALUES
(1, '28 rue du boulevard Lyon', 69000, 'Lyon'),
(2, '2 rue du avenue Lyon', 69000, 'Lyon'),
(3, '7 rue du avenue Paris', 75000, 'Paris'),
(4, '7 rue du avenue Paris', 75000, 'Paris'),
(5, '7 rue du avenue Paris', 75000, 'Paris'),
(6, '7 rue du avenue Paris', 75000, 'Paris'),
(7, '7 rue du avenue Paris', 75000, 'Paris'),
(8, '7 rue du avenue Paris', 75000, 'Paris'),
(9, '28 rue du avenue Paris', 75000, 'Paris'),
(10, '28 rue du avenue Paris', 75000, 'Paris'),
(11, '28 rue du avenue Paris', 75000, 'Paris'),
(12, '28 rue du avenue Paris', 75000, 'Paris'),
(13, '28 rue du avenue Paris', 75000, 'Paris'),
(14, '28 rue du avenue Paris', 75000, 'Paris'),
(15, '28 rue du avenue Paris', 75000, 'Paris'),
(16, '15 rue du avenue Lyon', 69000, 'Lyon'),
(17, '17 rue du rue Lyon', 69000, 'Lyon'),
(18, '28 rue du avenue Lyon', 69000, 'Lyon'),
(19, '28 rue du avenue Lyon', 69000, 'Lyon'),
(20, '12 avenue du boulevard de rue du avenue de Paris l', 75003, 'Paris'),
(21, '12 avenue du boulevard de rue du avenue de Lyon la', 69001, 'Lyon');

-- --------------------------------------------------------

--
-- Structure de la table `course`
--

CREATE TABLE `course` (
  `idc` int(11) NOT NULL,
  `nom` varchar(50) DEFAULT NULL,
  `mois` int(11) DEFAULT NULL,
  `url` varchar(500) DEFAULT NULL,
  `anneeCrea` int(11) DEFAULT NULL
) ENGINE=InnoDB DEFAULT CHARSET=latin1;

--
-- Déchargement des données de la table `course`
--

INSERT INTO `course` (`idc`, `nom`, `mois`, `url`, `anneeCrea`) VALUES
(1, 'Marathon de Paris', 3, 'http://Marathon_De_Paris.fr', 1995),
(2, 'Running Lyon', 12, 'http://Running_Lyon.fr', 1994);

-- --------------------------------------------------------

--
-- Doublure de structure pour la vue `coursesmodif`
-- (Voir ci-dessous la vue réelle)
--
CREATE TABLE `coursesmodif` (
`nom` varchar(137)
,`nbCoureursMoyen` varbinary(68)
);

-- --------------------------------------------------------

--
-- Structure de la table `edition`
--

CREATE TABLE `edition` (
  `ided` int(11) NOT NULL,
  `annee` year(4) NOT NULL,
  `idc` int(11) NOT NULL,
  `idadr` int(11) NOT NULL,
  `nbPart` int(11) DEFAULT NULL,
  `plan` varchar(100) DEFAULT NULL,
  `debI` date DEFAULT NULL,
  `finI` date DEFAULT NULL,
  `debC` date DEFAULT NULL,
  `finC` date DEFAULT NULL,
  `debD` date DEFAULT NULL,
  `finD` date DEFAULT NULL
) ENGINE=InnoDB DEFAULT CHARSET=latin1;

--
-- Déchargement des données de la table `edition`
--

INSERT INTO `edition` (`ided`, `annee`, `idc`, `idadr`, `nbPart`, `plan`, `debI`, `finI`, `debC`, `finC`, `debD`, `finD`) VALUES
(1, 2017, 1, 20, 15, 'planMparis.jpg', '2017-01-01', '2017-01-31', '2017-02-01', '2017-02-28', '2017-03-01', '2017-03-15'),
(2, 2018, 1, 20, 15, 'planMparis.jpg', '2018-01-01', '2018-01-31', '2018-02-01', '2018-02-28', '2018-03-01', '2018-03-15'),
(3, 2018, 2, 21, 16, 'planRlyon.jpg', '2018-10-01', '2018-10-31', '2018-11-01', '0000-00-00', '2018-12-01', '2018-12-15');

-- --------------------------------------------------------

--
-- Doublure de structure pour la vue `editionsmodif`
-- (Voir ci-dessous la vue réelle)
--
CREATE TABLE `editionsmodif` (
`Course` varchar(50)
,`annee` varchar(91)
,`idc` int(11)
,`nbPart` int(11)
);

-- --------------------------------------------------------

--
-- Structure de la table `epreuve`
--

CREATE TABLE `epreuve` (
  `idep` int(11) NOT NULL,
  `nom` varchar(30) DEFAULT NULL,
  `dist` float DEFAULT NULL,
  `deniv` int(11) DEFAULT NULL,
  `type` varchar(50) DEFAULT NULL
) ENGINE=InnoDB DEFAULT CHARSET=latin1;

--
-- Déchargement des données de la table `epreuve`
--

INSERT INTO `epreuve` (`idep`, `nom`, `dist`, `deniv`, `type`) VALUES
(1, '10km', 10, 0, 'course'),
(2, 'semi-marathon', 21.1, 0, 'course'),
(3, 'marathon', 41.195, 0, 'course');

-- --------------------------------------------------------

--
-- Structure de la table `identification`
--

CREATE TABLE `identification` (
  `ida` int(11) DEFAULT NULL,
  `statut` char(3) DEFAULT NULL,
  `identifiant` varchar(20) NOT NULL,
  `mdp` varchar(20) DEFAULT NULL
) ENGINE=InnoDB DEFAULT CHARSET=latin1;

--
-- Déchargement des données de la table `identification`
--

INSERT INTO `identification` (`ida`, `statut`, `identifiant`, `mdp`) VALUES
(2019001, 'adm', 'admin', 'romaric'),
(2016001, 'adh', 'Dupont', 'Alice');

-- --------------------------------------------------------

--
-- Doublure de structure pour la vue `infosadherents`
-- (Voir ci-dessous la vue réelle)
--
CREATE TABLE `infosadherents` (
`ida` int(11)
,`nom` varchar(20)
,`prenom` varchar(20)
,`dateNaissance` date
,`sexe` char(1)
,`dateCertif` date
,`rue` varchar(50)
,`codePost` int(11)
,`ville` varchar(20)
,`club` varchar(50)
);

-- --------------------------------------------------------

--
-- Doublure de structure pour la vue `infoscourse`
-- (Voir ci-dessous la vue réelle)
--
CREATE TABLE `infoscourse` (
`idc` int(11)
,`nom` varchar(50)
,`mois` int(11)
,`url` varchar(500)
,`anneeCrea` int(11)
);

-- --------------------------------------------------------

--
-- Doublure de structure pour la vue `infosedition`
-- (Voir ci-dessous la vue réelle)
--
CREATE TABLE `infosedition` (
`course` varchar(50)
,`ided` int(11)
,`annee` year(4)
,`idc` int(11)
,`idadr` int(11)
,`nbPart` int(11)
,`plan` varchar(100)
,`debI` date
,`finI` date
,`debC` date
,`finC` date
,`debD` date
,`finD` date
,`rue` varchar(50)
,`codePost` int(11)
,`ville` varchar(20)
);

-- --------------------------------------------------------

--
-- Doublure de structure pour la vue `nomcourses`
-- (Voir ci-dessous la vue réelle)
--
CREATE TABLE `nomcourses` (
`nom` varchar(50)
);

-- --------------------------------------------------------

--
-- Structure de la table `resultat`
--

CREATE TABLE `resultat` (
  `ided` int(11) NOT NULL,
  `dossard` int(11) NOT NULL,
  `rang` int(11) DEFAULT NULL,
  `nom` varchar(20) DEFAULT NULL,
  `prenom` varchar(20) DEFAULT NULL,
  `sexe` char(1) DEFAULT NULL
) ENGINE=InnoDB DEFAULT CHARSET=latin1;

--
-- Déchargement des données de la table `resultat`
--

INSERT INTO `resultat` (`ided`, `dossard`, `rang`, `nom`, `prenom`, `sexe`) VALUES
(1, 2017000000, 1, 'NSP', 'IEW', 'F'),
(1, 2017000001, 2, 'Polain', 'Chris', 'H'),
(1, 2017000002, 3, 'YUE', 'EGY', 'F'),
(1, 2017000003, 4, 'FWC', 'BLH', 'F'),
(1, 2017000004, 5, 'DNH', 'ZQO', 'H'),
(1, 2017000005, 6, 'IYI', 'SCJ', 'H'),
(1, 2017000006, 7, 'Laplo', 'Bernard', 'H'),
(1, 2017000007, 8, 'Dupont', 'Alice', 'F'),
(1, 2017000008, 9, 'AKH', 'SEY', 'H'),
(1, 2017000009, 10, 'MHH', 'WME', 'H'),
(1, 2017000010, 11, 'JKF', 'BCQ', 'F'),
(1, 2017000011, 12, 'WVJ', 'JFX', 'H'),
(1, 2017000012, 13, 'WUW', 'JIX', 'H'),
(1, 2017000013, 14, 'Roula', 'Celine', 'F'),
(1, 2017000014, 15, 'Tuile', 'Mathilde', 'F'),
(1, 2017000015, 1, 'UIF', 'LDU', 'H'),
(1, 2017000016, 2, 'EJN', 'VEJ', 'F'),
(1, 2017000017, 3, 'UOM', 'FCT', 'F'),
(1, 2017000018, 4, 'Roli', 'Lou', 'F'),
(1, 2017000019, 5, 'Rasde', 'nico', 'H'),
(1, 2017000020, 6, 'Laple', 'Marie', 'F'),
(1, 2017000021, 7, 'Drand', 'Mat', 'H'),
(1, 2017000022, 8, 'CGM', 'KBO', 'H'),
(1, 2017000023, 9, 'UOB', 'KHG', 'H'),
(1, 2017000024, 10, 'GYR', 'XFC', 'F'),
(1, 2017000025, 11, 'LVS', 'FKK', 'H'),
(1, 2017000026, 12, 'Durand', 'Celine', 'F'),
(1, 2017000027, 13, 'Oplia', 'Blandine', 'F'),
(1, 2017000028, 14, 'BAJ', 'HJC', 'H'),
(1, 2017000029, 15, 'UVT', 'MOW', 'F'),
(1, 2017000030, 1, 'UGU', 'YJO', 'H'),
(1, 2017000031, 2, 'MUZ', 'GRU', 'H'),
(1, 2017000032, 3, 'Durad', 'Louis', 'H'),
(1, 2017000033, 4, 'GOS', 'SBQ', 'F'),
(1, 2017000034, 5, 'TKP', 'GZT', 'H'),
(1, 2017000035, 6, 'Paso', 'Celine', 'F'),
(1, 2017000036, 7, 'Dupout', 'Bernard', 'H'),
(1, 2017000037, 8, 'CAV', 'SHB', 'H'),
(1, 2017000038, 9, 'Paso', 'Bruno', 'H'),
(1, 2017000039, 10, 'NRV', 'UCP', 'H'),
(1, 2017000040, 11, 'Durand', 'Olivier', 'H'),
(1, 2017000041, 12, 'CSI', 'FDL', 'F'),
(1, 2017000042, 13, 'EYI', 'UUS', 'F'),
(1, 2017000043, 14, 'YTM', 'YQZ', 'H'),
(1, 2017000044, 15, 'LHM', 'LVP', 'F'),
(2, 2018000000, 1, 'Rasde', 'nico', 'H'),
(2, 2018000001, 2, 'GFN', 'SXZ', 'H'),
(2, 2018000002, 3, 'ESG', 'FTI', 'H'),
(2, 2018000003, 4, 'Dupout', 'Bernard', 'H'),
(2, 2018000004, 5, 'BLW', 'UEK', 'F'),
(2, 2018000005, 6, 'Laplo', 'Bernard', 'H'),
(2, 2018000006, 7, 'UIB', 'PLB', 'F'),
(2, 2018000007, 8, 'LDT', 'TWM', 'H'),
(2, 2018000008, 9, 'Durand', 'Olivier', 'H'),
(2, 2018000009, 10, 'OSJ', 'NDV', 'F'),
(2, 2018000010, 11, 'GUJ', 'NRZ', 'F'),
(2, 2018000011, 12, 'Horil', 'Manu', 'H'),
(2, 2018000012, 13, 'VRT', 'HVU', 'H'),
(2, 2018000013, 14, 'LMS', 'UVB', 'F'),
(2, 2018000014, 15, 'MEZ', 'CFA', 'F'),
(2, 2018000015, 1, 'YDU', 'AWD', 'F'),
(2, 2018000016, 2, 'Roli', 'Lou', 'F'),
(2, 2018000017, 3, 'Plios', 'Caroline', 'F'),
(2, 2018000018, 4, 'VVY', 'QAT', 'H'),
(2, 2018000019, 5, 'XRU', 'IXZ', 'H'),
(2, 2018000020, 6, 'UVB', 'RLX', 'F'),
(2, 2018000021, 7, 'Durand', 'Celine', 'F'),
(2, 2018000022, 8, 'LLF', 'YKQ', 'H'),
(2, 2018000023, 9, 'Paso', 'Celine', 'F'),
(2, 2018000024, 10, 'Roula', 'Celine', 'F'),
(2, 2018000025, 11, 'JGR', 'YYS', 'H'),
(2, 2018000026, 12, 'OWI', 'XUO', 'F'),
(2, 2018000027, 13, 'Laple', 'Marie', 'F'),
(2, 2018000028, 14, 'ZGL', 'PIJ', 'F'),
(2, 2018000029, 15, 'NXW', 'WGL', 'H'),
(2, 2018000030, 1, 'PAT', 'CAI', 'H'),
(2, 2018000031, 2, 'Drad', 'Louise', 'F'),
(2, 2018000032, 3, 'Paso', 'Bruno', 'H'),
(2, 2018000033, 4, 'QIC', 'YWB', 'H'),
(2, 2018000034, 5, 'PRO', 'JBG', 'F'),
(2, 2018000035, 6, 'OQN', 'EGK', 'F'),
(2, 2018000036, 7, 'KEP', 'JUP', 'F'),
(2, 2018000037, 8, 'KMV', 'RDL', 'H'),
(2, 2018000038, 9, 'Drand', 'Mat', 'H'),
(2, 2018000039, 10, 'ALB', 'KOA', 'H'),
(2, 2018000040, 11, 'SEN', 'SER', 'F'),
(2, 2018000041, 12, 'Polain', 'Chris', 'H'),
(2, 2018000042, 13, 'JNJ', 'TUW', 'F'),
(2, 2018000043, 14, 'NUX', 'DGH', 'H'),
(2, 2018000044, 15, 'Horil', 'Manu', 'H'),
(3, 2018000000, 1, 'Dupont', 'Alice', 'F'),
(3, 2018000001, 2, 'Durand', 'Celine', 'F'),
(3, 2018000002, 3, 'UHD', 'PNA', 'H'),
(3, 2018000003, 4, 'GAA', 'YHU', 'H'),
(3, 2018000004, 5, 'Plios', 'Caroline', 'F'),
(3, 2018000005, 6, 'PTC', 'TOK', 'H'),
(3, 2018000006, 7, 'GMY', 'ULH', 'H'),
(3, 2018000007, 8, 'QWO', 'LFH', 'H'),
(3, 2018000008, 9, 'Durad', 'Louis', 'H'),
(3, 2018000009, 10, 'Durand', 'Olivier', 'H'),
(3, 2018000010, 11, 'Drad', 'Louise', 'F'),
(3, 2018000011, 12, 'Roli', 'Lou', 'F'),
(3, 2018000012, 13, 'WNL', 'ZOV', 'F'),
(3, 2018000013, 14, 'Tuile', 'Mathilde', 'F'),
(3, 2018000014, 15, 'Roula', 'Celine', 'F'),
(3, 2018000015, 1, 'GCL', 'ESR', 'H'),
(3, 2018000016, 2, 'CCV', 'TWU', 'F'),
(3, 2018000017, 3, 'GMT', 'PAZ', 'H'),
(3, 2018000018, 4, 'XAR', 'YYQ', 'F'),
(3, 2018000019, 5, 'Drand', 'Mat', 'H'),
(3, 2018000020, 6, 'Laple', 'Marie', 'F'),
(3, 2018000021, 7, 'FBV', 'HPA', 'F'),
(3, 2018000022, 8, 'XXZ', 'NRS', 'F'),
(3, 2018000023, 9, 'QEA', 'USW', 'F'),
(3, 2018000024, 10, 'CRL', 'HKQ', 'H'),
(3, 2018000025, 11, 'CMJ', 'FGP', 'F'),
(3, 2018000026, 12, 'KEF', 'WIG', 'H'),
(3, 2018000027, 13, 'PWQ', 'XDE', 'H'),
(3, 2018000028, 14, 'MVX', 'WPX', 'H'),
(3, 2018000029, 15, 'AQR', 'XRD', 'F'),
(3, 2018000030, 1, 'CFW', 'GBE', 'F'),
(3, 2018000031, 2, 'RJH', 'MCE', 'F'),
(3, 2018000032, 3, 'Laplo', 'Bernard', 'H'),
(3, 2018000033, 4, 'Rasde', 'nico', 'H'),
(3, 2018000034, 5, 'RYE', 'CFF', 'H'),
(3, 2018000035, 6, 'WKT', 'OKH', 'H'),
(3, 2018000036, 7, 'Polain', 'Chris', 'H'),
(3, 2018000037, 8, 'QDB', 'WLJ', 'H'),
(3, 2018000038, 9, 'VJT', 'MGJ', 'F'),
(3, 2018000039, 10, 'Horil', 'Manu', 'H'),
(3, 2018000040, 11, 'TRF', 'SQI', 'H'),
(3, 2018000041, 12, 'YKF', 'YSQ', 'H'),
(3, 2018000042, 13, 'JAA', 'IME', 'F'),
(3, 2018000043, 14, 'YYO', 'GTJ', 'F'),
(3, 2018000044, 15, 'QNM', 'IJM', 'F'),
(3, 2018000045, NULL, 'Paso', 'Bruno', 'H'),
(3, 2018000046, NULL, 'Paso', 'Celine', 'F');

-- --------------------------------------------------------

--
-- Structure de la table `tarifs`
--

CREATE TABLE `tarifs` (
  `idep` int(11) NOT NULL,
  `ided` int(11) NOT NULL,
  `age` int(11) NOT NULL,
  `prix` int(11) DEFAULT NULL
) ENGINE=InnoDB DEFAULT CHARSET=latin1;

--
-- Déchargement des données de la table `tarifs`
--

INSERT INTO `tarifs` (`idep`, `ided`, `age`, `prix`) VALUES
(1, 1, 12, 1),
(1, 1, 18, 2),
(1, 1, 100, 3),
(1, 2, 12, 2),
(1, 2, 18, 4),
(1, 2, 100, 6),
(1, 3, 12, 3),
(1, 3, 18, 6),
(1, 3, 100, 12),
(2, 1, 12, 1),
(2, 1, 18, 2),
(2, 1, 100, 3),
(2, 2, 12, 2),
(2, 2, 18, 4),
(2, 2, 100, 6),
(2, 3, 12, 3),
(2, 3, 18, 6),
(2, 3, 100, 12),
(3, 1, 12, 1),
(3, 1, 18, 2),
(3, 1, 100, 3),
(3, 2, 12, 2),
(3, 2, 18, 4),
(3, 2, 100, 6),
(3, 3, 12, 3),
(3, 3, 18, 6),
(3, 3, 100, 12);

-- --------------------------------------------------------

--
-- Doublure de structure pour la vue `tpsfinal`
-- (Voir ci-dessous la vue réelle)
--
CREATE TABLE `tpsfinal` (
`ided` int(11)
,`dossard` int(11)
,`rang` int(11)
,`nom` varchar(20)
,`prenom` varchar(20)
,`temps` float
,`km` float
);

-- --------------------------------------------------------

--
-- Doublure de structure pour la vue `tpsfinaladherents`
-- (Voir ci-dessous la vue réelle)
--
CREATE TABLE `tpsfinaladherents` (
`ided` int(11)
,`dossard` int(11)
,`rang` int(11)
,`nom` varchar(20)
,`prenom` varchar(20)
,`temps` float
,`km` float
,`sexe` char(1)
,`club` varchar(50)
);

-- --------------------------------------------------------

--
-- Structure de la table `tpspassage`
--

CREATE TABLE `tpspassage` (
  `ided` int(11) NOT NULL,
  `dossard` int(11) NOT NULL,
  `km` float NOT NULL,
  `temps` float DEFAULT NULL
) ENGINE=InnoDB DEFAULT CHARSET=latin1;

--
-- Déchargement des données de la table `tpspassage`
--

INSERT INTO `tpspassage` (`ided`, `dossard`, `km`, `temps`) VALUES
(1, 2017000000, 5, 15.7574),
(1, 2017000000, 10, 31.5149),
(1, 2017000000, 15, 47.2723),
(1, 2017000000, 20, 63.0297),
(1, 2017000000, 25, 78.7872),
(1, 2017000000, 30, 94.5446),
(1, 2017000000, 35, 110.302),
(1, 2017000000, 40, 126.059),
(1, 2017000000, 41.195, 129.825),
(1, 2017000001, 5, 16.9001),
(1, 2017000001, 10, 33.8002),
(1, 2017000001, 15, 50.7003),
(1, 2017000001, 20, 67.6004),
(1, 2017000001, 25, 84.5005),
(1, 2017000001, 30, 101.401),
(1, 2017000001, 35, 118.301),
(1, 2017000001, 40, 135.201),
(1, 2017000001, 41.195, 139.24),
(1, 2017000002, 5, 16.9959),
(1, 2017000002, 10, 33.9918),
(1, 2017000002, 15, 50.9877),
(1, 2017000002, 20, 67.9836),
(1, 2017000002, 25, 84.9795),
(1, 2017000002, 30, 101.975),
(1, 2017000002, 35, 118.971),
(1, 2017000002, 40, 135.967),
(1, 2017000002, 41.195, 140.029),
(1, 2017000003, 5, 17.4098),
(1, 2017000003, 10, 34.8197),
(1, 2017000003, 15, 52.2295),
(1, 2017000003, 20, 69.6393),
(1, 2017000003, 25, 87.0491),
(1, 2017000003, 30, 104.459),
(1, 2017000003, 35, 121.869),
(1, 2017000003, 40, 139.279),
(1, 2017000003, 41.195, 143.44),
(1, 2017000004, 5, 17.4861),
(1, 2017000004, 10, 34.9722),
(1, 2017000004, 15, 52.4583),
(1, 2017000004, 20, 69.9444),
(1, 2017000004, 25, 87.4305),
(1, 2017000004, 30, 104.917),
(1, 2017000004, 35, 122.403),
(1, 2017000004, 40, 139.889),
(1, 2017000004, 41.195, 144.068),
(1, 2017000005, 5, 18.6902),
(1, 2017000005, 10, 37.3804),
(1, 2017000005, 15, 56.0706),
(1, 2017000005, 20, 74.7608),
(1, 2017000005, 25, 93.451),
(1, 2017000005, 30, 112.141),
(1, 2017000005, 35, 130.831),
(1, 2017000005, 40, 149.522),
(1, 2017000005, 41.195, 153.988),
(1, 2017000006, 5, 19.1645),
(1, 2017000006, 10, 38.3291),
(1, 2017000006, 15, 57.4936),
(1, 2017000006, 20, 76.6582),
(1, 2017000006, 25, 95.8227),
(1, 2017000006, 30, 114.987),
(1, 2017000006, 35, 134.152),
(1, 2017000006, 40, 153.316),
(1, 2017000006, 41.195, 157.897),
(1, 2017000007, 5, 19.6386),
(1, 2017000007, 10, 39.2771),
(1, 2017000007, 15, 58.9157),
(1, 2017000007, 20, 78.5542),
(1, 2017000007, 25, 98.1928),
(1, 2017000007, 30, 117.831),
(1, 2017000007, 35, 137.47),
(1, 2017000007, 40, 157.108),
(1, 2017000007, 41.195, 161.802),
(1, 2017000008, 5, 21.5414),
(1, 2017000008, 10, 43.0827),
(1, 2017000008, 15, 64.6241),
(1, 2017000008, 20, 86.1654),
(1, 2017000008, 25, 107.707),
(1, 2017000008, 30, 129.248),
(1, 2017000008, 35, 150.789),
(1, 2017000008, 40, 172.331),
(1, 2017000008, 41.195, 177.479),
(1, 2017000009, 5, 21.6155),
(1, 2017000009, 10, 43.231),
(1, 2017000009, 15, 64.8464),
(1, 2017000009, 20, 86.4619),
(1, 2017000009, 25, 108.077),
(1, 2017000009, 30, 129.693),
(1, 2017000009, 35, 151.308),
(1, 2017000009, 40, 172.924),
(1, 2017000009, 41.195, 178.09),
(1, 2017000010, 5, 21.7932),
(1, 2017000010, 10, 43.5864),
(1, 2017000010, 15, 65.3796),
(1, 2017000010, 20, 87.1728),
(1, 2017000010, 25, 108.966),
(1, 2017000010, 30, 130.759),
(1, 2017000010, 35, 152.552),
(1, 2017000010, 40, 174.346),
(1, 2017000010, 41.195, 179.554),
(1, 2017000011, 5, 22.4948),
(1, 2017000011, 10, 44.9897),
(1, 2017000011, 15, 67.4845),
(1, 2017000011, 20, 89.9794),
(1, 2017000011, 25, 112.474),
(1, 2017000011, 30, 134.969),
(1, 2017000011, 35, 157.464),
(1, 2017000011, 40, 179.959),
(1, 2017000011, 41.195, 185.335),
(1, 2017000012, 5, 23.7679),
(1, 2017000012, 10, 47.5358),
(1, 2017000012, 15, 71.3037),
(1, 2017000012, 20, 95.0717),
(1, 2017000012, 25, 118.84),
(1, 2017000012, 30, 142.607),
(1, 2017000012, 35, 166.375),
(1, 2017000012, 40, 190.143),
(1, 2017000012, 41.195, 195.824),
(1, 2017000013, 5, 25.4815),
(1, 2017000013, 10, 50.9631),
(1, 2017000013, 15, 76.4446),
(1, 2017000013, 20, 101.926),
(1, 2017000013, 25, 127.408),
(1, 2017000013, 30, 152.889),
(1, 2017000013, 35, 178.371),
(1, 2017000013, 40, 203.852),
(1, 2017000013, 41.195, 209.942),
(1, 2017000014, 5, 26.2763),
(1, 2017000014, 10, 52.5527),
(1, 2017000014, 15, 78.829),
(1, 2017000014, 20, 105.105),
(1, 2017000014, 25, 131.382),
(1, 2017000014, 30, 157.658),
(1, 2017000014, 35, 183.934),
(1, 2017000014, 40, 210.211),
(1, 2017000014, 41.195, 216.491),
(1, 2017000015, 5, 15.9699),
(1, 2017000015, 10, 31.9398),
(1, 2017000015, 15, 47.9098),
(1, 2017000015, 20, 63.8797),
(1, 2017000015, 21.1, 67.3931),
(1, 2017000016, 5, 16.4457),
(1, 2017000016, 10, 32.8915),
(1, 2017000016, 15, 49.3372),
(1, 2017000016, 20, 65.7829),
(1, 2017000016, 21.1, 69.401),
(1, 2017000017, 5, 16.5099),
(1, 2017000017, 10, 33.0198),
(1, 2017000017, 15, 49.5296),
(1, 2017000017, 20, 66.0395),
(1, 2017000017, 21.1, 69.6717),
(1, 2017000018, 5, 17.5657),
(1, 2017000018, 10, 35.1314),
(1, 2017000018, 15, 52.697),
(1, 2017000018, 20, 70.2627),
(1, 2017000018, 21.1, 74.1272),
(1, 2017000019, 5, 19.1492),
(1, 2017000019, 10, 38.2984),
(1, 2017000019, 15, 57.4476),
(1, 2017000019, 20, 76.5968),
(1, 2017000019, 21.1, 80.8096),
(1, 2017000020, 5, 20.5056),
(1, 2017000020, 10, 41.0112),
(1, 2017000020, 15, 61.5168),
(1, 2017000020, 20, 82.0224),
(1, 2017000020, 21.1, 86.5336),
(1, 2017000021, 5, 22.418),
(1, 2017000021, 10, 44.8359),
(1, 2017000021, 15, 67.2539),
(1, 2017000021, 20, 89.6718),
(1, 2017000021, 21.1, 94.6038),
(1, 2017000022, 5, 22.5274),
(1, 2017000022, 10, 45.0548),
(1, 2017000022, 15, 67.5822),
(1, 2017000022, 20, 90.1096),
(1, 2017000022, 21.1, 95.0657),
(1, 2017000023, 5, 23.9207),
(1, 2017000023, 10, 47.8414),
(1, 2017000023, 15, 71.7621),
(1, 2017000023, 20, 95.6828),
(1, 2017000023, 21.1, 100.945),
(1, 2017000024, 5, 24.0314),
(1, 2017000024, 10, 48.0628),
(1, 2017000024, 15, 72.0943),
(1, 2017000024, 20, 96.1257),
(1, 2017000024, 21.1, 101.413),
(1, 2017000025, 5, 25.591),
(1, 2017000025, 10, 51.1821),
(1, 2017000025, 15, 76.7731),
(1, 2017000025, 20, 102.364),
(1, 2017000025, 21.1, 107.994),
(1, 2017000026, 5, 25.9627),
(1, 2017000026, 10, 51.9255),
(1, 2017000026, 15, 77.8882),
(1, 2017000026, 20, 103.851),
(1, 2017000026, 21.1, 109.563),
(1, 2017000027, 5, 26.0309),
(1, 2017000027, 10, 52.0617),
(1, 2017000027, 15, 78.0926),
(1, 2017000027, 20, 104.123),
(1, 2017000027, 21.1, 109.85),
(1, 2017000028, 5, 26.2792),
(1, 2017000028, 10, 52.5585),
(1, 2017000028, 15, 78.8377),
(1, 2017000028, 20, 105.117),
(1, 2017000028, 21.1, 110.898),
(1, 2017000029, 5, 26.8833),
(1, 2017000029, 10, 53.7666),
(1, 2017000029, 15, 80.6499),
(1, 2017000029, 20, 107.533),
(1, 2017000029, 21.1, 113.448),
(1, 2017000030, 5, 15.535),
(1, 2017000030, 10, 31.0701),
(1, 2017000031, 5, 15.7858),
(1, 2017000031, 10, 31.5716),
(1, 2017000032, 5, 16.0358),
(1, 2017000032, 10, 32.0715),
(1, 2017000033, 5, 16.4461),
(1, 2017000033, 10, 32.8921),
(1, 2017000034, 5, 17.9982),
(1, 2017000034, 10, 35.9963),
(1, 2017000035, 5, 18.0321),
(1, 2017000035, 10, 36.0642),
(1, 2017000036, 5, 18.0559),
(1, 2017000036, 10, 36.1118),
(1, 2017000037, 5, 24.2143),
(1, 2017000037, 10, 48.4286),
(1, 2017000038, 5, 24.3892),
(1, 2017000038, 10, 48.7783),
(1, 2017000039, 5, 24.5519),
(1, 2017000039, 10, 49.1038),
(1, 2017000040, 5, 25.3085),
(1, 2017000040, 10, 50.617),
(1, 2017000041, 5, 25.4837),
(1, 2017000041, 10, 50.9675),
(1, 2017000042, 5, 25.5264),
(1, 2017000042, 10, 51.0528),
(1, 2017000043, 5, 27.8091),
(1, 2017000043, 10, 55.6181),
(1, 2017000044, 5, 27.943),
(1, 2017000044, 10, 55.886),
(2, 2018000000, 5, 15.0088),
(2, 2018000000, 10, 30.0176),
(2, 2018000000, 15, 45.0264),
(2, 2018000000, 20, 60.0352),
(2, 2018000000, 25, 75.0441),
(2, 2018000000, 30, 90.0529),
(2, 2018000000, 35, 105.062),
(2, 2018000000, 40, 120.07),
(2, 2018000000, 41.195, 123.658),
(2, 2018000001, 5, 15.7132),
(2, 2018000001, 10, 31.4265),
(2, 2018000001, 15, 47.1397),
(2, 2018000001, 20, 62.8529),
(2, 2018000001, 25, 78.5662),
(2, 2018000001, 30, 94.2794),
(2, 2018000001, 35, 109.993),
(2, 2018000001, 40, 125.706),
(2, 2018000001, 41.195, 129.461),
(2, 2018000002, 5, 17.094),
(2, 2018000002, 10, 34.1881),
(2, 2018000002, 15, 51.2821),
(2, 2018000002, 20, 68.3761),
(2, 2018000002, 25, 85.4702),
(2, 2018000002, 30, 102.564),
(2, 2018000002, 35, 119.658),
(2, 2018000002, 40, 136.752),
(2, 2018000002, 41.195, 140.838),
(2, 2018000003, 5, 17.374),
(2, 2018000003, 10, 34.7481),
(2, 2018000003, 15, 52.1221),
(2, 2018000003, 20, 69.4962),
(2, 2018000003, 25, 86.8702),
(2, 2018000003, 30, 104.244),
(2, 2018000003, 35, 121.618),
(2, 2018000003, 40, 138.992),
(2, 2018000003, 41.195, 143.145),
(2, 2018000004, 5, 18.0063),
(2, 2018000004, 10, 36.0126),
(2, 2018000004, 15, 54.0189),
(2, 2018000004, 20, 72.0252),
(2, 2018000004, 25, 90.0315),
(2, 2018000004, 30, 108.038),
(2, 2018000004, 35, 126.044),
(2, 2018000004, 40, 144.05),
(2, 2018000004, 41.195, 148.354),
(2, 2018000005, 5, 20.0998),
(2, 2018000005, 10, 40.1995),
(2, 2018000005, 15, 60.2993),
(2, 2018000005, 20, 80.399),
(2, 2018000005, 25, 100.499),
(2, 2018000005, 30, 120.599),
(2, 2018000005, 35, 140.698),
(2, 2018000005, 40, 160.798),
(2, 2018000005, 41.195, 165.602),
(2, 2018000006, 5, 25.6297),
(2, 2018000006, 10, 51.2593),
(2, 2018000006, 15, 76.889),
(2, 2018000006, 20, 102.519),
(2, 2018000006, 25, 128.148),
(2, 2018000006, 30, 153.778),
(2, 2018000006, 35, 179.408),
(2, 2018000006, 40, 205.037),
(2, 2018000006, 41.195, 211.163),
(2, 2018000007, 5, 25.6387),
(2, 2018000007, 10, 51.2773),
(2, 2018000007, 15, 76.916),
(2, 2018000007, 20, 102.555),
(2, 2018000007, 25, 128.193),
(2, 2018000007, 30, 153.832),
(2, 2018000007, 35, 179.471),
(2, 2018000007, 40, 205.109),
(2, 2018000007, 41.195, 211.237),
(2, 2018000008, 5, 25.9451),
(2, 2018000008, 10, 51.8903),
(2, 2018000008, 15, 77.8354),
(2, 2018000008, 20, 103.781),
(2, 2018000008, 25, 129.726),
(2, 2018000008, 30, 155.671),
(2, 2018000008, 35, 181.616),
(2, 2018000008, 40, 207.561),
(2, 2018000008, 41.195, 213.762),
(2, 2018000009, 5, 26.3005),
(2, 2018000009, 10, 52.601),
(2, 2018000009, 15, 78.9015),
(2, 2018000009, 20, 105.202),
(2, 2018000009, 25, 131.502),
(2, 2018000009, 30, 157.803),
(2, 2018000009, 35, 184.103),
(2, 2018000009, 40, 210.404),
(2, 2018000009, 41.195, 216.69),
(2, 2018000010, 5, 26.3973),
(2, 2018000010, 10, 52.7947),
(2, 2018000010, 15, 79.192),
(2, 2018000010, 20, 105.589),
(2, 2018000010, 25, 131.987),
(2, 2018000010, 30, 158.384),
(2, 2018000010, 35, 184.781),
(2, 2018000010, 40, 211.179),
(2, 2018000010, 41.195, 217.488),
(2, 2018000011, 5, 26.8623),
(2, 2018000011, 10, 53.7246),
(2, 2018000011, 15, 80.5869),
(2, 2018000011, 20, 107.449),
(2, 2018000011, 25, 134.312),
(2, 2018000011, 30, 161.174),
(2, 2018000011, 35, 188.036),
(2, 2018000011, 40, 214.898),
(2, 2018000011, 41.195, 221.319),
(2, 2018000012, 5, 27.7681),
(2, 2018000012, 10, 55.5361),
(2, 2018000012, 15, 83.3042),
(2, 2018000012, 20, 111.072),
(2, 2018000012, 25, 138.84),
(2, 2018000012, 30, 166.608),
(2, 2018000012, 35, 194.376),
(2, 2018000012, 40, 222.145),
(2, 2018000012, 41.195, 228.781),
(2, 2018000013, 5, 28.3897),
(2, 2018000013, 10, 56.7794),
(2, 2018000013, 15, 85.169),
(2, 2018000013, 20, 113.559),
(2, 2018000013, 25, 141.948),
(2, 2018000013, 30, 170.338),
(2, 2018000013, 35, 198.728),
(2, 2018000013, 40, 227.117),
(2, 2018000013, 41.195, 233.903),
(2, 2018000014, 5, 29.5583),
(2, 2018000014, 10, 59.1165),
(2, 2018000014, 15, 88.6748),
(2, 2018000014, 20, 118.233),
(2, 2018000014, 25, 147.791),
(2, 2018000014, 30, 177.35),
(2, 2018000014, 35, 206.908),
(2, 2018000014, 40, 236.466),
(2, 2018000014, 41.195, 243.531),
(2, 2018000015, 5, 15.442),
(2, 2018000015, 10, 30.884),
(2, 2018000015, 15, 46.326),
(2, 2018000015, 20, 61.7681),
(2, 2018000015, 21.1, 65.1653),
(2, 2018000016, 5, 16.1931),
(2, 2018000016, 10, 32.3861),
(2, 2018000016, 15, 48.5792),
(2, 2018000016, 20, 64.7722),
(2, 2018000016, 21.1, 68.3347),
(2, 2018000017, 5, 16.5716),
(2, 2018000017, 10, 33.1432),
(2, 2018000017, 15, 49.7148),
(2, 2018000017, 20, 66.2865),
(2, 2018000017, 21.1, 69.9322),
(2, 2018000018, 5, 16.9877),
(2, 2018000018, 10, 33.9753),
(2, 2018000018, 15, 50.963),
(2, 2018000018, 20, 67.9507),
(2, 2018000018, 21.1, 71.688),
(2, 2018000019, 5, 17.3314),
(2, 2018000019, 10, 34.6627),
(2, 2018000019, 15, 51.994),
(2, 2018000019, 20, 69.3254),
(2, 2018000019, 21.1, 73.1383),
(2, 2018000020, 5, 18.0336),
(2, 2018000020, 10, 36.0672),
(2, 2018000020, 15, 54.1008),
(2, 2018000020, 20, 72.1344),
(2, 2018000020, 21.1, 76.1017),
(2, 2018000021, 5, 18.1542),
(2, 2018000021, 10, 36.3084),
(2, 2018000021, 15, 54.4626),
(2, 2018000021, 20, 72.6169),
(2, 2018000021, 21.1, 76.6108),
(2, 2018000022, 5, 18.1664),
(2, 2018000022, 10, 36.3327),
(2, 2018000022, 15, 54.4991),
(2, 2018000022, 20, 72.6654),
(2, 2018000022, 21.1, 76.662),
(2, 2018000023, 5, 19.6247),
(2, 2018000023, 10, 39.2493),
(2, 2018000023, 15, 58.874),
(2, 2018000023, 20, 78.4986),
(2, 2018000023, 21.1, 82.816),
(2, 2018000024, 5, 20.0742),
(2, 2018000024, 10, 40.1484),
(2, 2018000024, 15, 60.2227),
(2, 2018000024, 20, 80.2969),
(2, 2018000024, 21.1, 84.7132),
(2, 2018000025, 5, 23.3965),
(2, 2018000025, 10, 46.7929),
(2, 2018000025, 15, 70.1894),
(2, 2018000025, 20, 93.5859),
(2, 2018000025, 21.1, 98.7331),
(2, 2018000026, 5, 23.6642),
(2, 2018000026, 10, 47.3283),
(2, 2018000026, 15, 70.9925),
(2, 2018000026, 20, 94.6567),
(2, 2018000026, 21.1, 99.8628),
(2, 2018000027, 5, 23.7426),
(2, 2018000027, 10, 47.4853),
(2, 2018000027, 15, 71.2279),
(2, 2018000027, 20, 94.9705),
(2, 2018000027, 21.1, 100.194),
(2, 2018000028, 5, 24.7016),
(2, 2018000028, 10, 49.4033),
(2, 2018000028, 15, 74.1049),
(2, 2018000028, 20, 98.8065),
(2, 2018000028, 21.1, 104.241),
(2, 2018000029, 5, 29.2687),
(2, 2018000029, 10, 58.5373),
(2, 2018000029, 15, 87.806),
(2, 2018000029, 20, 117.075),
(2, 2018000029, 21.1, 123.514),
(2, 2018000030, 5, 15.475),
(2, 2018000030, 10, 30.9501),
(2, 2018000031, 5, 15.835),
(2, 2018000031, 10, 31.67),
(2, 2018000032, 5, 16.3817),
(2, 2018000032, 10, 32.7633),
(2, 2018000033, 5, 16.6072),
(2, 2018000033, 10, 33.2144),
(2, 2018000034, 5, 16.6692),
(2, 2018000034, 10, 33.3384),
(2, 2018000035, 5, 17.0876),
(2, 2018000035, 10, 34.1753),
(2, 2018000036, 5, 17.1292),
(2, 2018000036, 10, 34.2584),
(2, 2018000037, 5, 19.0468),
(2, 2018000037, 10, 38.0936),
(2, 2018000038, 5, 20.3157),
(2, 2018000038, 10, 40.6315),
(2, 2018000039, 5, 22.5205),
(2, 2018000039, 10, 45.0409),
(2, 2018000040, 5, 23.4553),
(2, 2018000040, 10, 46.9107),
(2, 2018000041, 5, 23.6183),
(2, 2018000041, 10, 47.2366),
(2, 2018000042, 5, 26.625),
(2, 2018000042, 10, 53.25),
(2, 2018000043, 5, 28.254),
(2, 2018000043, 10, 56.508),
(2, 2018000044, 5, 28.4991),
(2, 2018000044, 10, 56.9982),
(3, 2018000000, 5, 15.334),
(3, 2018000000, 10, 30.6679),
(3, 2018000000, 15, 46.0019),
(3, 2018000000, 20, 61.3358),
(3, 2018000000, 25, 76.6698),
(3, 2018000000, 30, 92.0037),
(3, 2018000000, 35, 107.338),
(3, 2018000000, 40, 122.672),
(3, 2018000000, 41.195, 126.336),
(3, 2018000001, 5, 15.4036),
(3, 2018000001, 10, 30.8071),
(3, 2018000001, 15, 46.2107),
(3, 2018000001, 20, 61.6143),
(3, 2018000001, 25, 77.0178),
(3, 2018000001, 30, 92.4214),
(3, 2018000001, 35, 107.825),
(3, 2018000001, 40, 123.229),
(3, 2018000001, 41.195, 126.91),
(3, 2018000002, 5, 17.268),
(3, 2018000002, 10, 34.536),
(3, 2018000002, 15, 51.804),
(3, 2018000002, 20, 69.072),
(3, 2018000002, 25, 86.34),
(3, 2018000002, 30, 103.608),
(3, 2018000002, 35, 120.876),
(3, 2018000002, 40, 138.144),
(3, 2018000002, 41.195, 142.271),
(3, 2018000003, 5, 17.3073),
(3, 2018000003, 10, 34.6146),
(3, 2018000003, 15, 51.9219),
(3, 2018000003, 20, 69.2292),
(3, 2018000003, 25, 86.5365),
(3, 2018000003, 30, 103.844),
(3, 2018000003, 35, 121.151),
(3, 2018000003, 40, 138.458),
(3, 2018000003, 41.195, 142.595),
(3, 2018000004, 5, 18.8092),
(3, 2018000004, 10, 37.6183),
(3, 2018000004, 15, 56.4275),
(3, 2018000004, 20, 75.2367),
(3, 2018000004, 25, 94.0459),
(3, 2018000004, 30, 112.855),
(3, 2018000004, 35, 131.664),
(3, 2018000004, 40, 150.473),
(3, 2018000004, 41.195, 154.969),
(3, 2018000005, 5, 20.1647),
(3, 2018000005, 10, 40.3293),
(3, 2018000005, 15, 60.494),
(3, 2018000005, 20, 80.6587),
(3, 2018000005, 25, 100.823),
(3, 2018000005, 30, 120.988),
(3, 2018000005, 35, 141.153),
(3, 2018000005, 40, 161.317),
(3, 2018000005, 41.195, 166.137),
(3, 2018000006, 5, 20.4525),
(3, 2018000006, 10, 40.905),
(3, 2018000006, 15, 61.3574),
(3, 2018000006, 20, 81.8099),
(3, 2018000006, 25, 102.262),
(3, 2018000006, 30, 122.715),
(3, 2018000006, 35, 143.167),
(3, 2018000006, 40, 163.62),
(3, 2018000006, 41.195, 168.508),
(3, 2018000007, 5, 20.5656),
(3, 2018000007, 10, 41.1311),
(3, 2018000007, 15, 61.6967),
(3, 2018000007, 20, 82.2623),
(3, 2018000007, 25, 102.828),
(3, 2018000007, 30, 123.393),
(3, 2018000007, 35, 143.959),
(3, 2018000007, 40, 164.525),
(3, 2018000007, 41.195, 169.44),
(3, 2018000008, 5, 21.3336),
(3, 2018000008, 10, 42.6671),
(3, 2018000008, 15, 64.0007),
(3, 2018000008, 20, 85.3342),
(3, 2018000008, 25, 106.668),
(3, 2018000008, 30, 128.001),
(3, 2018000008, 35, 149.335),
(3, 2018000008, 40, 170.668),
(3, 2018000008, 41.195, 175.767),
(3, 2018000009, 5, 21.5071),
(3, 2018000009, 10, 43.0142),
(3, 2018000009, 15, 64.5213),
(3, 2018000009, 20, 86.0284),
(3, 2018000009, 25, 107.536),
(3, 2018000009, 30, 129.043),
(3, 2018000009, 35, 150.55),
(3, 2018000009, 40, 172.057),
(3, 2018000009, 41.195, 177.197),
(3, 2018000010, 5, 22.4115),
(3, 2018000010, 10, 44.823),
(3, 2018000010, 15, 67.2346),
(3, 2018000010, 20, 89.6461),
(3, 2018000010, 25, 112.058),
(3, 2018000010, 30, 134.469),
(3, 2018000010, 35, 156.881),
(3, 2018000010, 40, 179.292),
(3, 2018000010, 41.195, 184.649),
(3, 2018000011, 5, 22.4857),
(3, 2018000011, 10, 44.9714),
(3, 2018000011, 15, 67.4571),
(3, 2018000011, 20, 89.9427),
(3, 2018000011, 25, 112.428),
(3, 2018000011, 30, 134.914),
(3, 2018000011, 35, 157.4),
(3, 2018000011, 40, 179.885),
(3, 2018000011, 41.195, 185.26),
(3, 2018000012, 5, 25.46),
(3, 2018000012, 10, 50.92),
(3, 2018000012, 15, 76.3799),
(3, 2018000012, 20, 101.84),
(3, 2018000012, 25, 127.3),
(3, 2018000012, 30, 152.76),
(3, 2018000012, 35, 178.22),
(3, 2018000012, 40, 203.68),
(3, 2018000012, 41.195, 209.765),
(3, 2018000013, 5, 26.737),
(3, 2018000013, 10, 53.4739),
(3, 2018000013, 15, 80.2109),
(3, 2018000013, 20, 106.948),
(3, 2018000013, 25, 133.685),
(3, 2018000013, 30, 160.422),
(3, 2018000013, 35, 187.159),
(3, 2018000013, 40, 213.896),
(3, 2018000013, 41.195, 220.286),
(3, 2018000014, 5, 29.8656),
(3, 2018000014, 10, 59.7312),
(3, 2018000014, 15, 89.5968),
(3, 2018000014, 20, 119.462),
(3, 2018000014, 25, 149.328),
(3, 2018000014, 30, 179.194),
(3, 2018000014, 35, 209.059),
(3, 2018000014, 40, 238.925),
(3, 2018000014, 41.195, 246.063),
(3, 2018000015, 5, 15.9321),
(3, 2018000015, 10, 31.8642),
(3, 2018000015, 15, 47.7962),
(3, 2018000015, 20, 63.7283),
(3, 2018000015, 21.1, 67.2334),
(3, 2018000016, 5, 17.8167),
(3, 2018000016, 10, 35.6334),
(3, 2018000016, 15, 53.4501),
(3, 2018000016, 20, 71.2668),
(3, 2018000016, 21.1, 75.1864),
(3, 2018000017, 5, 17.8887),
(3, 2018000017, 10, 35.7774),
(3, 2018000017, 15, 53.6661),
(3, 2018000017, 20, 71.5548),
(3, 2018000017, 21.1, 75.4903),
(3, 2018000018, 5, 18.8314),
(3, 2018000018, 10, 37.6627),
(3, 2018000018, 15, 56.4941),
(3, 2018000018, 20, 75.3255),
(3, 2018000018, 21.1, 79.4684),
(3, 2018000019, 5, 19.4063),
(3, 2018000019, 10, 38.8125),
(3, 2018000019, 15, 58.2188),
(3, 2018000019, 20, 77.625),
(3, 2018000019, 21.1, 81.8944),
(3, 2018000020, 5, 19.4641),
(3, 2018000020, 10, 38.9282),
(3, 2018000020, 15, 58.3923),
(3, 2018000020, 20, 77.8564),
(3, 2018000020, 21.1, 82.1385),
(3, 2018000021, 5, 19.8699),
(3, 2018000021, 10, 39.7398),
(3, 2018000021, 15, 59.6097),
(3, 2018000021, 20, 79.4796),
(3, 2018000021, 21.1, 83.8509),
(3, 2018000022, 5, 21.5646),
(3, 2018000022, 10, 43.1293),
(3, 2018000022, 15, 64.6939),
(3, 2018000022, 20, 86.2586),
(3, 2018000022, 21.1, 91.0028),
(3, 2018000023, 5, 21.7885),
(3, 2018000023, 10, 43.5771),
(3, 2018000023, 15, 65.3656),
(3, 2018000023, 20, 87.1542),
(3, 2018000023, 21.1, 91.9477),
(3, 2018000024, 5, 21.8778),
(3, 2018000024, 10, 43.7555),
(3, 2018000024, 15, 65.6333),
(3, 2018000024, 20, 87.511),
(3, 2018000024, 21.1, 92.3241),
(3, 2018000025, 5, 23.5161),
(3, 2018000025, 10, 47.0322),
(3, 2018000025, 15, 70.5483),
(3, 2018000025, 20, 94.0644),
(3, 2018000025, 21.1, 99.2379),
(3, 2018000026, 5, 24.2369),
(3, 2018000026, 10, 48.4739),
(3, 2018000026, 15, 72.7108),
(3, 2018000026, 20, 96.9478),
(3, 2018000026, 21.1, 102.28),
(3, 2018000027, 5, 25.6335),
(3, 2018000027, 10, 51.267),
(3, 2018000027, 15, 76.9005),
(3, 2018000027, 20, 102.534),
(3, 2018000027, 21.1, 108.173),
(3, 2018000028, 5, 27.5701),
(3, 2018000028, 10, 55.1402),
(3, 2018000028, 15, 82.7103),
(3, 2018000028, 20, 110.28),
(3, 2018000028, 21.1, 116.346),
(3, 2018000029, 5, 28.2685),
(3, 2018000029, 10, 56.5371),
(3, 2018000029, 15, 84.8056),
(3, 2018000029, 20, 113.074),
(3, 2018000029, 21.1, 119.293),
(3, 2018000030, 5, 15.2149),
(3, 2018000030, 10, 30.4298),
(3, 2018000031, 5, 16.7716),
(3, 2018000031, 10, 33.5433),
(3, 2018000032, 5, 17.7253),
(3, 2018000032, 10, 35.4506),
(3, 2018000033, 5, 17.9767),
(3, 2018000033, 10, 35.9534),
(3, 2018000034, 5, 18.1417),
(3, 2018000034, 10, 36.2833),
(3, 2018000035, 5, 18.7578),
(3, 2018000035, 10, 37.5156),
(3, 2018000036, 5, 19.2777),
(3, 2018000036, 10, 38.5554),
(3, 2018000037, 5, 19.5282),
(3, 2018000037, 10, 39.0565),
(3, 2018000038, 5, 22.7628),
(3, 2018000038, 10, 45.5255),
(3, 2018000039, 5, 23.2943),
(3, 2018000039, 10, 46.5885),
(3, 2018000040, 5, 23.6745),
(3, 2018000040, 10, 47.3489),
(3, 2018000041, 5, 24.2808),
(3, 2018000041, 10, 48.5617),
(3, 2018000042, 5, 25.1364),
(3, 2018000042, 10, 50.2729),
(3, 2018000043, 5, 25.4414),
(3, 2018000043, 10, 50.8828),
(3, 2018000044, 5, 25.5646),
(3, 2018000044, 10, 51.1292),
(3, 2018000045, 5, 26.4061),
(3, 2018000045, 10, 31.556),
(3, 2018000045, 15, 59.015),
(3, 2018000045, 20, 117.272),
(3, 2018000045, 25, 142.004),
(3, 2018000045, 30, 101.184),
(3, 2018000045, 35, 136.95),
(3, 2018000045, 40, 205.376),
(3, 2018000045, 41.195, NULL),
(3, 2018000046, 5, 27.424),
(3, 2018000046, 10, 30.0556),
(3, 2018000046, 15, 79.7254),
(3, 2018000046, 20, 87.3348),
(3, 2018000046, 21.1, NULL);

-- --------------------------------------------------------

--
-- Structure de la vue `coursesmodif`
--
DROP TABLE IF EXISTS `coursesmodif`;

CREATE ALGORITHM=UNDEFINED DEFINER=`root`@`localhost` SQL SECURITY DEFINER VIEW `coursesmodif`  AS  select concat('<a href=http://localhost/projetBDW/espaceperso.php?page=course&course=C',`c`.`idc`,'>',`c`.`nom`,'</a>') AS `nom`,avg(`e`.`nbPart`) AS `nbCoureursMoyen` from (`course` `c` join `edition` `e` on((`c`.`idc` = `e`.`idc`))) group by `e`.`idc` union select concat('<a href=http://localhost/projetBDW/espaceperso.php?page=course&course=C',`course`.`idc`,'>',`course`.`nom`,'</a>') AS `nom`,'pas encore courru' AS `nbCoureuresMoyen` from `course` where (not(`course`.`idc` in (select `edition`.`idc` from `edition`))) ;

-- --------------------------------------------------------

--
-- Structure de la vue `editionsmodif`
--
DROP TABLE IF EXISTS `editionsmodif`;

CREATE ALGORITHM=UNDEFINED DEFINER=`root`@`localhost` SQL SECURITY DEFINER VIEW `editionsmodif`  AS  select `c`.`nom` AS `Course`,concat('<a href=http://localhost/projetBDW/espaceperso.php?page=course&course=E',`e`.`ided`,'>',`e`.`annee`,'</a>') AS `annee`,`e`.`idc` AS `idc`,`e`.`nbPart` AS `nbPart` from (`edition` `e` join `course` `c` on((`e`.`idc` = `c`.`idc`))) ;

-- --------------------------------------------------------

--
-- Structure de la vue `infosadherents`
--
DROP TABLE IF EXISTS `infosadherents`;

CREATE ALGORITHM=UNDEFINED DEFINER=`root`@`localhost` SQL SECURITY DEFINER VIEW `infosadherents`  AS  select `a`.`ida` AS `ida`,`a`.`nom` AS `nom`,`a`.`prenom` AS `prenom`,`a`.`dateNaissance` AS `dateNaissance`,`a`.`sexe` AS `sexe`,`a`.`dateCertif` AS `dateCertif`,`ad`.`rue` AS `rue`,`ad`.`codePost` AS `codePost`,`ad`.`ville` AS `ville`,`a`.`club` AS `club` from (`adherent` `a` join `adresse` `ad` on((`a`.`idadr` = `ad`.`idadr`))) ;

-- --------------------------------------------------------

--
-- Structure de la vue `infoscourse`
--
DROP TABLE IF EXISTS `infoscourse`;

CREATE ALGORITHM=UNDEFINED DEFINER=`root`@`localhost` SQL SECURITY DEFINER VIEW `infoscourse`  AS  select `course`.`idc` AS `idc`,`course`.`nom` AS `nom`,`course`.`mois` AS `mois`,`course`.`url` AS `url`,`course`.`anneeCrea` AS `anneeCrea` from `course` ;

-- --------------------------------------------------------

--
-- Structure de la vue `infosedition`
--
DROP TABLE IF EXISTS `infosedition`;

CREATE ALGORITHM=UNDEFINED DEFINER=`root`@`localhost` SQL SECURITY DEFINER VIEW `infosedition`  AS  select `c`.`nom` AS `course`,`e`.`ided` AS `ided`,`e`.`annee` AS `annee`,`e`.`idc` AS `idc`,`e`.`idadr` AS `idadr`,`e`.`nbPart` AS `nbPart`,`e`.`plan` AS `plan`,`e`.`debI` AS `debI`,`e`.`finI` AS `finI`,`e`.`debC` AS `debC`,`e`.`finC` AS `finC`,`e`.`debD` AS `debD`,`e`.`finD` AS `finD`,`a`.`rue` AS `rue`,`a`.`codePost` AS `codePost`,`a`.`ville` AS `ville` from ((`edition` `e` join `adresse` `a` on((`e`.`idadr` = `a`.`idadr`))) join `course` `c` on((`e`.`idc` = `c`.`idc`))) ;

-- --------------------------------------------------------

--
-- Structure de la vue `nomcourses`
--
DROP TABLE IF EXISTS `nomcourses`;

CREATE ALGORITHM=UNDEFINED DEFINER=`root`@`localhost` SQL SECURITY DEFINER VIEW `nomcourses`  AS  select `course`.`nom` AS `nom` from `course` ;

-- --------------------------------------------------------

--
-- Structure de la vue `tpsfinal`
--
DROP TABLE IF EXISTS `tpsfinal`;

CREATE ALGORITHM=UNDEFINED DEFINER=`root`@`localhost` SQL SECURITY DEFINER VIEW `tpsfinal`  AS  select `r`.`ided` AS `ided`,`r`.`dossard` AS `dossard`,`r`.`rang` AS `rang`,`r`.`nom` AS `nom`,`r`.`prenom` AS `prenom`,max(`t`.`temps`) AS `temps`,max(`t`.`km`) AS `km` from (`tpspassage` `t` join `resultat` `r` on(((`t`.`dossard` = `r`.`dossard`) and (`r`.`ided` = `t`.`ided`)))) group by `t`.`dossard`,`r`.`ided` ;

-- --------------------------------------------------------

--
-- Structure de la vue `tpsfinaladherents`
--
DROP TABLE IF EXISTS `tpsfinaladherents`;

CREATE ALGORITHM=UNDEFINED DEFINER=`root`@`localhost` SQL SECURITY DEFINER VIEW `tpsfinaladherents`  AS  select `t`.`ided` AS `ided`,`t`.`dossard` AS `dossard`,`t`.`rang` AS `rang`,`t`.`nom` AS `nom`,`t`.`prenom` AS `prenom`,`t`.`temps` AS `temps`,`t`.`km` AS `km`,`a`.`sexe` AS `sexe`,`a`.`club` AS `club` from (`tpsfinal` `t` join `adherent` `a` on(((`t`.`nom` = `a`.`nom`) and (`t`.`prenom` = `a`.`prenom`)))) ;

--
-- Index pour les tables déchargées
--

--
-- Index pour la table `adherent`
--
ALTER TABLE `adherent`
  ADD PRIMARY KEY (`ida`),
  ADD KEY `fk_adherent_adresse` (`idadr`);

--
-- Index pour la table `adresse`
--
ALTER TABLE `adresse`
  ADD PRIMARY KEY (`idadr`);

--
-- Index pour la table `course`
--
ALTER TABLE `course`
  ADD PRIMARY KEY (`idc`);

--
-- Index pour la table `edition`
--
ALTER TABLE `edition`
  ADD PRIMARY KEY (`ided`,`annee`),
  ADD KEY `fk_edition_course` (`idc`),
  ADD KEY `fk_edition_adresse` (`idadr`);

--
-- Index pour la table `epreuve`
--
ALTER TABLE `epreuve`
  ADD PRIMARY KEY (`idep`);

--
-- Index pour la table `identification`
--
ALTER TABLE `identification`
  ADD PRIMARY KEY (`identifiant`),
  ADD KEY `fk_identification_adherent` (`ida`);

--
-- Index pour la table `resultat`
--
ALTER TABLE `resultat`
  ADD PRIMARY KEY (`ided`,`dossard`);

--
-- Index pour la table `tarifs`
--
ALTER TABLE `tarifs`
  ADD PRIMARY KEY (`idep`,`ided`,`age`),
  ADD KEY `fk_tarifs_edition` (`ided`);

--
-- Index pour la table `tpspassage`
--
ALTER TABLE `tpspassage`
  ADD PRIMARY KEY (`ided`,`dossard`,`km`);

--
-- AUTO_INCREMENT pour les tables déchargées
--

--
-- AUTO_INCREMENT pour la table `adherent`
--
ALTER TABLE `adherent`
  MODIFY `ida` int(11) NOT NULL AUTO_INCREMENT, AUTO_INCREMENT=2019002;

--
-- AUTO_INCREMENT pour la table `adresse`
--
ALTER TABLE `adresse`
  MODIFY `idadr` int(11) NOT NULL AUTO_INCREMENT, AUTO_INCREMENT=22;

--
-- AUTO_INCREMENT pour la table `course`
--
ALTER TABLE `course`
  MODIFY `idc` int(11) NOT NULL AUTO_INCREMENT, AUTO_INCREMENT=3;

--
-- AUTO_INCREMENT pour la table `edition`
--
ALTER TABLE `edition`
  MODIFY `ided` int(11) NOT NULL AUTO_INCREMENT, AUTO_INCREMENT=4;

--
-- AUTO_INCREMENT pour la table `epreuve`
--
ALTER TABLE `epreuve`
  MODIFY `idep` int(11) NOT NULL AUTO_INCREMENT, AUTO_INCREMENT=4;

--
-- Contraintes pour les tables déchargées
--

--
-- Contraintes pour la table `adherent`
--
ALTER TABLE `adherent`
  ADD CONSTRAINT `fk_adherent_adresse` FOREIGN KEY (`idadr`) REFERENCES `adresse` (`idadr`) ON DELETE CASCADE ON UPDATE CASCADE;

--
-- Contraintes pour la table `edition`
--
ALTER TABLE `edition`
  ADD CONSTRAINT `fk_edition_adresse` FOREIGN KEY (`idadr`) REFERENCES `adresse` (`idadr`) ON DELETE CASCADE ON UPDATE CASCADE,
  ADD CONSTRAINT `fk_edition_course` FOREIGN KEY (`idc`) REFERENCES `course` (`idc`) ON DELETE CASCADE ON UPDATE CASCADE;

--
-- Contraintes pour la table `identification`
--
ALTER TABLE `identification`
  ADD CONSTRAINT `fk_identification_adherent` FOREIGN KEY (`ida`) REFERENCES `adherent` (`ida`) ON DELETE CASCADE ON UPDATE CASCADE;

--
-- Contraintes pour la table `resultat`
--
ALTER TABLE `resultat`
  ADD CONSTRAINT `fk_resultat_edition` FOREIGN KEY (`ided`) REFERENCES `edition` (`ided`) ON DELETE CASCADE ON UPDATE CASCADE;

--
-- Contraintes pour la table `tarifs`
--
ALTER TABLE `tarifs`
  ADD CONSTRAINT `fk_tarifs_edition` FOREIGN KEY (`ided`) REFERENCES `edition` (`ided`) ON DELETE CASCADE ON UPDATE CASCADE,
  ADD CONSTRAINT `fk_tarifs_epreuve` FOREIGN KEY (`idep`) REFERENCES `epreuve` (`idep`) ON DELETE CASCADE ON UPDATE CASCADE;

--
-- Contraintes pour la table `tpspassage`
--
ALTER TABLE `tpspassage`
  ADD CONSTRAINT `fk_tpspassage_resultat` FOREIGN KEY (`ided`,`dossard`) REFERENCES `resultat` (`ided`, `dossard`) ON DELETE CASCADE ON UPDATE CASCADE;
COMMIT;

/*!40101 SET CHARACTER_SET_CLIENT=@OLD_CHARACTER_SET_CLIENT */;
/*!40101 SET CHARACTER_SET_RESULTS=@OLD_CHARACTER_SET_RESULTS */;
/*!40101 SET COLLATION_CONNECTION=@OLD_COLLATION_CONNECTION */;
